node_connections.is.na.node_connections.type....origin..	X.Geo.	X.Plugin.
d3.geo.bonne	Geo	Plugin
d3.scale.category	Scales	Base
d3.formatPrefix	Base	Plugin
d3.geom.contour	Geom	Plugin
d3.geo.kavrayskiy7	Geo	Plugin
d3.geo.naturalEarth	Geo	Plugin
d3.geo.cylindricalEqualArea	Geo	Plugin
d3.geo.hammer	Geo	Plugin
d3.geo.mollweide	Geo	Plugin
d3.geo.aitoff	Geo	Plugin
d3.geo.vanDerGrinten	Geo	Plugin
d3.geo.collignon	Geo	Plugin
d3.geo.eckert1	Geo	Plugin
d3.geo.eckert2	Geo	Plugin
d3.geo.eckert3	Geo	Plugin
d3.geo.eckert4	Geo	Plugin
d3.geo.eckert5	Geo	Plugin
d3.geo.eckert6	Geo	Plugin
d3.geo.homolosine	Geo	Plugin
d3.geo.larrivee	Geo	Plugin
d3.geo.miller	Geo	Plugin
d3.geo.nellHammer	Geo	Plugin
d3.geo.polyconic	Geo	Plugin
d3.geo.robinson	Geo	Plugin
d3.geo.sinusoidal	Geo	Plugin
d3.geo.wagner6	Geo	Plugin
d3.geo.winkel3	Geo	Plugin
d3.geo.gringorten	Geo	Plugin
d3.geo.guyou	Geo	Plugin
d3.geo.hammerRetroazimuthal	Geo	Plugin
d3.geo.vanDerGrinten4	Geo	Plugin
d3.geo.august	Geo	Plugin
d3.geo.baker	Geo	Plugin
d3.geo.berghaus	Geo	Plugin
d3.geo.boggs	Geo	Plugin
d3.geo.bromley	Geo	Plugin
d3.geo.craster	Geo	Plugin
d3.geo.eisenlohr	Geo	Plugin
d3.geo.healpix	Geo	Plugin
d3.geo.hill	Geo	Plugin
d3.geo.lagrange	Geo	Plugin
d3.geo.laskowski	Geo	Plugin
d3.geo.loximuthal	Geo	Plugin
d3.geo.mtFlatPolarParabolic	Geo	Plugin
d3.geo.mtFlatPolarQuartic	Geo	Plugin
d3.geo.mtFlatPolarSinusoidal	Geo	Plugin
d3.geo.sinuMollweide	Geo	Plugin
d3.geo.wagner4	Geo	Plugin
d3.geo.wagner7	Geo	Plugin
d3.geo.satellite	Geo	Plugin
d3.geo.craig	Geo	Plugin
d3.geo.armadillo	Geo	Plugin
d3.geo.littrow	Geo	Plugin
d3.geo.peirceQuincuncial	Geo	Plugin
d3.geo.polyhedron	Geo	Plugin
d3.geo.wiechel	Geo	Plugin
d3.geo.polyhedron.waterman	Geo	Plugin
d3.geo.times	Geo	Plugin
d3.geo.cylindricalStereographic	Geo	Plugin
d3.geo.fahey	Geo	Plugin
d3.geo.ginzburg4	Geo	Plugin
d3.geo.ginzburg5	Geo	Plugin
d3.geo.ginzburg6	Geo	Plugin
d3.geo.ginzburg8	Geo	Plugin
d3.geo.ginzburg9	Geo	Plugin
d3.geo.rectangularPolyconic	Geo	Plugin
d3.geo.vanDerGrinten2	Geo	Plugin
d3.geo.vanDerGrinten3	Geo	Plugin
d3.fisheye	Plugin	Plugin
d3.hexbin	Plugin	Plugin
d3.box	Plugin	Plugin
d3.geo.transverseMercator	Geo	Plugin
d3.geo.tile	Geo	Plugin
d3.force_labels	Plugin	Plugin
d3.sankey	Plugin	Plugin
d3.horizon	Plugin	Plugin
d3.bullet	Plugin	Plugin
d3.geodesic	Plugin	Plugin
d3.geo.rotation	Geo	Plugin
d3.geo.twoPointEquidistant	Geo	Plugin
d3.geo.airy	Geo	Plugin
d3.geo.chamberlin	Geo	Plugin
d3.geo.polyhedron.butterfly	Geo	Plugin
d3.hive	Plugin	Plugin
d3.rollup	Plugin	Plugin
d3.superformula	Plugin	Plugin
d3.qq	Plugin	Plugin
d3.longscroll	Plugin	Plugin
