block_id	author
844752	mbostock
1323729	mbostock
1334054	zjonsson
1595803	zjonsson
3279883	syntagmatic
3306234	mbostock
3743077	jasondavies
3885705	mbostock
4061502	mbostock
4176908	biovisualize
5052095	timelyportfolio
5189018	herrstucki
5390755	herrstucki
5467720	herrstucki
5471344	timelyportfolio
5480231	milroc
5565088	enjalot
5651657	enjalot
5651806	enjalot
5655269	enjalot
5672200	mbostock
5694697	herrstucki
5944371	mbostock
5945430	timelyportfolio
6543694	timelyportfolio
6544021	timelyportfolio
7032589	milroc
8829469	hobbes7878
8981451	milroc
9732115	dougdowson
9833333	danharr
9842512	milroc
9845999	milroc
9852608	seemantk
9993335	jugglingnutcase
1197731	biovisualize
1341281	jasondavies
1378144	enjalot
1557377	mbostock
1734663	christophermanning
2313155	syntagmatic
2494514	syntagmatic
2505588	syntagmatic
3074504	enjalot
3074507	enjalot
3074722	enjalot
3074723	enjalot
3088657	enjalot
3091807	enjalot
3091810	enjalot
3091849	enjalot
3094977	enjalot
3107806	enjalot
3107928	enjalot
3108107	enjalot
3108123	enjalot
3108149	enjalot
3135763	syntagmatic
3136001	syntagmatic
3150058	syntagmatic
3150059	syntagmatic
3156751	syntagmatic
3267951	syntagmatic
3290313	syntagmatic
3290392	syntagmatic
3388495	enjalot
3693086	enjalot
3693939	enjalot
3721735	jasondavies
3779418	enjalot
3779480	enjalot
3779740	enjalot
3788855	jasondavies
3791522	enjalot
3796882	jasondavies
3799442	jasondavies
3843328	enjalot
3897603	enjalot
3998552	enjalot
3998628	enjalot
3998699	enjalot
4028954	vlandham
4122710	enjalot
4150164	enjalot
4208494	christophermanning
4218871	mbostock
4289018	christophermanning
4315896	christophermanning
4450281	enjalot
4477544	biovisualize
4557698	mbostock
4561597	enjalot
4566102	mbostock
4617766	enjalot
5023284	syntagmatic
5240519	timelyportfolio
5260594	zjonsson
5310716	danharr
5441022	syntagmatic
5527486	enjalot
5562420	christophermanning
5599335	bollwyvl
5737089	enjalot
5745518	enjalot
5754880	enjalot
5779793	enjalot
5780132	enjalot
5780169	enjalot
5783737	enjalot
5789531	enjalot
5789774	enjalot
5789785	enjalot
5789829	enjalot
5789937	enjalot
5794305	enjalot
5820790	enjalot
5852119	jfsiii
5862283	enjalot
5942087	enjalot
6001601	timelyportfolio
6003575	timelyportfolio
6003605	timelyportfolio
6022406	timelyportfolio
6062594	timelyportfolio
6085852	timelyportfolio
6119774	enjalot
6123708	mbostock
6148647	enjalot
6149094	enjalot
6199585	enjalot
6505578	enjalot
6559357	enjalot
6559462	enjalot
6679752	timelyportfolio
6794267	tomgp
6807822	tomgp
6901553	syntagmatic
6913897	enjalot
7050567	enjalot
7052702	syntagmatic
7063641	ramnathv
7156298	timelyportfolio
7269050	ramnathv
7586334	mbostock
7691619	biovisualize
8263288	enjalot
8263747	enjalot
8463137	bollwyvl
8664016	enjalot
8664421	enjalot
8679325	enjalot
8681770	enjalot
9216751	vlandham
9631744	mbostock
9669633	mbostock
9752188	enjalot
9834558	danharr
9907392	mbostock
9918809	mbostock
1101254	jasondavies
1284044	jasondavies
1871853	jasondavies
1993488	vlandham
2206340	mbostock
2271944	christophermanning
2322933	biovisualize
2374239	mbostock
3062264	vlandham
3680957	mbostock
3680958	mbostock
3680999	mbostock
3681006	mbostock
3689931	jasondavies
3736720	syntagmatic
3892919	mbostock
3892928	mbostock
4015254	mbostock
4132797	mbostock
4166498	vlandham
4187201	christophermanning
4260533	zjonsson
4285420	christophermanning
4417108	christophermanning
4485778	sxv
4491174	sxv
4599228	emeeks
4617523	enjalot
4686541	zjonsson
4687713	mbostock
4700584	enjalot
4733216	biovisualize
4987520	mbostock
4988766	jeremybuis
5095908	enjalot
5095947	enjalot
5148348	enjalot
5158988	enjalot
5218414	emeeks
5248602	timelyportfolio
5266202	timelyportfolio
5342063	mbostock
5373842	vlandham
5593150	mbostock
5601557	NelsonMinar
5914438	mbostock
6140181	mbostock
6147081	emeeks
6203413	christophermanning
6226534	mbostock
6238040	mbostock
6242308	mbostock
6252418	mbostock
6262722	mbostock
6287633	mbostock
6312708	herrstucki
6323669	jeremybuis
6800268	enjalot
6894869	enjalot
7570402	jeremybuis
7755778	mbostock
8203750	christophermanning
9357131	emeeks
9357371	emeeks
9535021	mbostock
9656675	mbostock
e01d149e5702a41d846f	iros
a6333700f37f17773ac8	iros
3902569	mbostock
5149102	timelyportfolio
5255022	timelyportfolio
5257985	timelyportfolio
5287484	timelyportfolio
5650748	enjalot
5650770	enjalot
5650777	enjalot
5650826	enjalot
5653815	enjalot
5653820	enjalot
5653838	enjalot
5655296	enjalot
5655304	enjalot
5655308	enjalot
5655325	enjalot
5768048	enjalot
5988531	milroc
6231350	timelyportfolio
7050349	enjalot
9165567	milroc
4061961	mbostock
5452290	jasondavies
5498995	timelyportfolio
5021741	syntagmatic
5925299	enjalot
5926054	enjalot
5926074	enjalot
5926143	enjalot
1134768	mbostock
1157787	mbostock
1166403	mbostock
1256572	mbostock
1277968	zjonsson
1305337	mbostock
1308257	mbostock
1319738	jasondavies
1341021	mbostock
1389927	mbostock
1525346	enjalot
1558011	mbostock
1624656	mbostock
1624660	mbostock
1648635	mbostock
1667367	mbostock
2127746	syntagmatic
2297029	syntagmatic
2409451	syntagmatic
2411910	syntagmatic
2417758	syntagmatic
2420080	syntagmatic
2499006	syntagmatic
2499356	syntagmatic
2514902	syntagmatic
2584519	syntagmatic
2949937	mbostock
2949981	mbostock
3007180	mbostock
3020685	mbostock
3048740	mbostock
3096638	syntagmatic
3140140	syntagmatic
3165561	timelyportfolio
3183403	mbostock
3201108	syntagmatic
3201160	syntagmatic
3202354	mbostock
3213173	mbostock
3229856	zjonsson
3244058	mbostock
3290263	syntagmatic
3299303	syntagmatic
3687826	syntagmatic
3719724	mbostock
3722445	enjalot
3731388	syntagmatic
3802532	jasondavies
3886208	mbostock
3886394	mbostock
3887051	mbostock
3887193	mbostock
3887235	mbostock
3888852	mbostock
3891711	syntagmatic
3895025	zjonsson
3960741	mbostock
4020926	syntagmatic
4053096	syntagmatic
4054247	syntagmatic
4062085	mbostock
4063318	mbostock
4063663	mbostock
4162795	biovisualize
4181267	syntagmatic
4215939	vlandham
4248862	syntagmatic
4279379	timelyportfolio
4411685	biovisualize
4414107	emeeks
4437033	enjalot
4437065	biovisualize
4458845	enjalot
4470504	enjalot
4488780	enjalot
4497604	emeeks
4541355	biovisualize
4566902	biovisualize
4588962	emeeks
4651064	enjalot
4699389	herrstucki
4707935	emeeks
4957759	biovisualize
5021686	syntagmatic
5049980	timelyportfolio
5080688	syntagmatic
5113971	timelyportfolio
5123745	syntagmatic
5190287	enjalot
5225228	timelyportfolio
5342495	ramnathv
5351448	timelyportfolio
5401384	timelyportfolio
5415941	mbostock
5417216	mbostock
5479755	zjonsson
5586845	timelyportfolio
5609750	biovisualize
5803524	syntagmatic
5872848	mbostock
6223504	bollwyvl
6252259	jeremybuis
6334231	ckuijjer
6349385	syntagmatic
6369061	ckuijjer
6649479	ckuijjer
6650460	ckuijjer
6675032	ckuijjer
6770520	tomgp
6840308	ckuijjer
6874932	timelyportfolio
6975101	tomgp
7127495	pcj
7155003	bollwyvl
7417635	enjalot
7608400	mbostock
8673139	tomgp
9179084	mpmckenna8
9277116	gelicia
9441864	emeeks
9456766	emeeks
9458332	emeeks
9459053	enjalot
9468135	vlandham
9727398	dougdowson
9734135	dougdowson
9754610	dougdowson
9755247	dougdowson
9832019	dougdowson
9833585	MikeCostelloe
9837654	danharr
9856775	danharr
9863526	danharr
9907184	dougdowson
9915993	MikeCostelloe
1026757	syntagmatic
1028380	syntagmatic
1046712	mbostock
1262152	enjalot
1262258	enjalot
1262305	enjalot
1282943	enjalot
1310924	enjalot
1628131	mbostock
2556118	enjalot
3373554	enjalot
3373677	enjalot
3373895	enjalot
3374868	enjalot
3374884	enjalot
3374887	enjalot
3375162	enjalot
3375204	enjalot
3375625	enjalot
3375667	enjalot
3505710	enjalot
3971708	enjalot
4062006	mbostock
4341574	mbostock
5577023	mbostock
5710596	herrstucki
5710620	herrstucki
6108554	milroc
6149542	enjalot
6199768	herrstucki
3253729	enjalot
3253876	enjalot
3254003	enjalot
3254785	enjalot
3254902	enjalot
3254949	enjalot
3255073	enjalot
3255085	enjalot
3255155	enjalot
3255166	enjalot
3255247	enjalot
3255262	enjalot
3255284	enjalot
3255488	enjalot
3255594	enjalot
3255652	enjalot
3255672	enjalot
3255705	enjalot
3255857	enjalot
3256062	enjalot
3256232	enjalot
3256462	enjalot
3256465	enjalot
3256468	enjalot
3256473	enjalot
3256485	enjalot
3256496	enjalot
3256501	enjalot
3256507	enjalot
3256582	enjalot
3256626	enjalot
3256652	enjalot
3256706	enjalot
3256714	enjalot
3256724	enjalot
3256729	enjalot
3256735	enjalot
3256788	enjalot
3256804	enjalot
3256865	enjalot
3256971	enjalot
3256974	enjalot
3256976	enjalot
3256978	enjalot
3259338	enjalot
3259405	enjalot
3259471	enjalot
3259477	enjalot
3259486	enjalot
3259491	enjalot
3259510	enjalot
3259537	enjalot
3259588	enjalot
3259677	enjalot
3259733	enjalot
3260513	enjalot
3260547	enjalot
3260578	enjalot
3260608	enjalot
3260630	enjalot
3361332	emeeks
3740375	enjalot
3740480	enjalot
3740524	enjalot
3740655	enjalot
3740667	enjalot
3740789	enjalot
3740849	enjalot
3740921	enjalot
3740930	enjalot
3740948	enjalot
3741014	enjalot
3741028	enjalot
3741144	enjalot
3741188	enjalot
3741207	enjalot
3741254	enjalot
3741260	enjalot
3741269	enjalot
3741291	enjalot
3741301	enjalot
3741330	enjalot
3741344	enjalot
3741370	enjalot
3741406	enjalot
3876802	enjalot
3948009	enjalot
3949170	enjalot
4213367	biovisualize
4247094	biovisualize
4349186	biovisualize
5020993	christophermanning
5372077	biovisualize
5438143	timelyportfolio
5553051	milroc
5589881	enjalot
5629913	enjalot
5813856	ramnathv
6316349	milroc
6641917	enjalot
6875359	timelyportfolio
7091960	enjalot
7149418	enjalot
7162280	enjalot
7791169	biovisualize
7885521	biovisualize
2958295	enjalot
2958511	enjalot
2958513	enjalot
3014017	enjalot
3118378	enjalot
3145795	mbostock
3180418	enjalot
3180467	enjalot
3292853	enjalot
3692343	enjalot
3692451	enjalot
3802632	enjalot
3824411	enjalot
3824414	enjalot
3861966	enjalot
4543127	enjalot
5058110	enjalot
6096522	enjalot
6096527	enjalot
6096538	enjalot
6096543	enjalot
6096547	enjalot
6096575	enjalot
6096579	enjalot
6096581	enjalot
6096583	enjalot
6096597	enjalot
6096601	enjalot
6096608	enjalot
6096617	enjalot
6096618	enjalot
6096640	enjalot
6096829	enjalot
6096839	enjalot
6096845	enjalot
6096853	enjalot
6097630	enjalot
6097637	enjalot
6100356	enjalot
6100357	enjalot
6199296	enjalot
6433268	enjalot
6479360	enjalot
6479585	enjalot
6480166	enjalot
6480230	enjalot
899649	mbostock
899670	mbostock
899711	mbostock
900050	mbostock
910126	mbostock
1005873	mbostock
1021103	mbostock
1039698	jasondavies
3014589	mbostock
3184089	mbostock
3589712	NelsonMinar
3615641	syntagmatic
3615704	syntagmatic
3918369	zjonsson
4982077	biovisualize
5365390	biovisualize
5851933	mbostock
6293758	tomgp
7356026	bollwyvl
8552311	milroc
9821217	mbostock
10001728	gisminister
1021841	mbostock
1062288	mbostock
1062544	mbostock
1087001	mbostock
1093130	mbostock
1177827	mbostock
1207745	NelsonMinar
1254855	zjonsson
1258314	biovisualize
1276463	mbostock
1367999	mbostock
1627439	mbostock
1854471	mbostock
1854606	jasondavies
1865422	mbostock
2005817	syntagmatic
2041223	syntagmatic
2478722	syntagmatic
2633501	jasondavies
3158980	enjalot
3158993	enjalot
3159019	enjalot
3159071	enjalot
3159081	enjalot
3159088	enjalot
3159165	enjalot
3159196	enjalot
3159202	enjalot
3186840	jasondavies
3750941	mbostock
3788999	mbostock
3870236	enjalot
3876312	enjalot
3877815	enjalot
4198499	mbostock
4342190	mbostock
4349509	mbostock
4349545	mbostock
4491156	christophermanning
4513986	vlandham
4560481	mbostock
4565798	mbostock
4733217	emeeks
5091037	timelyportfolio
5136338	enjalot
5250737	enjalot
5260194	enjalot
5279204	enjalot
5406962	jeremybuis
5422471	enjalot
5431762	enjalot
5468998	milroc
5518052	milroc
5519642	milroc
5519819	milroc
5520449	milroc
5522467	milroc
5612571	enjalot
5623486	enjalot
5644011	jeremybuis
5707610	mbostock
5731979	mbostock
5735770	mbostock
5820716	enjalot
6076998	enjalot
6201953	gelicia
6202127	gelicia
6202333	gelicia
6216724	mbostock
6232537	mbostock
6232620	mbostock
6301817	mbostock
6301872	mbostock
6452972	mbostock
6468148	christophermanning
6472877	enjalot
6472890	enjalot
6472961	enjalot
6473013	enjalot
6473020	enjalot
6473054	enjalot
6473151	enjalot
6473220	enjalot
6473235	enjalot
6480574	enjalot
6480713	enjalot
6480746	enjalot
6498000	mbostock
6498580	mbostock
6499018	mbostock
6623377	tomgp
6719986	tomgp
7607535	mbostock
7674234	tomgp
8411383	mbostock
9239214	bollwyvl
9265219	bollwyvl
9539958	mbostock
9631063	mbostock
9820337	milroc
2368837	mbostock
2975320	zjonsson
2979974	zjonsson
2991587	milroc
3305937	mbostock
3309282	enjalot
3709000	mbostock
3711245	syntagmatic
3883195	mbostock
3883245	mbostock
3884914	mbostock
3884955	mbostock
3885211	mbostock
3887118	mbostock
3894205	mbostock
3903818	mbostock
3969722	mbostock
3970883	mbostock
4062844	mbostock
4083822	enjalot
4226477	jugglingnutcase
4241090	enjalot
4241836	enjalot
4241906	enjalot
4241962	enjalot
4241987	enjalot
4241995	enjalot
4242043	enjalot
4242118	enjalot
4242295	enjalot
4242306	enjalot
4242642	enjalot
4242644	enjalot
4272301	enjalot
4348024	biovisualize
4506410	enjalot
4558845	enjalot
4560034	biovisualize
4568998	enjalot
4596906	enjalot
4614246	enjalot
4618198	enjalot
4624730	enjalot
4639189	enjalot
4700608	enjalot
4736806	mbostock
5061827	enjalot
5072003	enjalot
5267175	timelyportfolio
5537659	enjalot
5537943	enjalot
5538702	enjalot
5538737	enjalot
5543774	milroc
5544008	mbostock
5544621	mbostock
5545110	enjalot
5545254	enjalot
5545957	enjalot
5546227	enjalot
5623448	enjalot
5675395	enjalot
5754622	enjalot
5779073	gelicia
5792623	enjalot
5792781	gelicia
5802441	gelicia
5816489	enjalot
5824505	biovisualize
5874050	jfsiii
5940031	gelicia
5940269	gelicia
5987883	timelyportfolio
6062395	gelicia
6153454	enjalot
6174583	gelicia
6216797	mbostock
6361720	gelicia
6361723	gelicia
6456037	timelyportfolio
6473481	enjalot
6510182	timelyportfolio
6618724	mbostock
6640200	enjalot
6640391	enjalot
6718637	milroc
6738134	gelicia
6759093	gelicia
6769077	syntagmatic
6895166	enjalot
6895540	enjalot
6895614	enjalot
6914083	enjalot
7113193	enjalot
7113227	enjalot
7113284	enjalot
7113356	enjalot
7113747	enjalot
7114218	enjalot
7123788	enjalot
7603691	hobbes7878
7629114	gelicia
8031385	mbostock
8033015	mbostock
8481411	milroc
8876820	gelicia
9672236	timelyportfolio
9696583	enjalot
9937333	iros
9940874	iros
9962907	iros
9963037	iros
2962761	mbostock
2962888	mbostock
3949400	enjalot
4102616	enjalot
4102812	enjalot
4103031	enjalot
4103915	enjalot
4103921	enjalot
4103929	enjalot
4103932	enjalot
4103938	enjalot
4103963	enjalot
4104003	enjalot
6198366	enjalot
6198373	enjalot
6473448	enjalot
9666146	gelicia
1691430	zjonsson
1005090	mbostock
1269004	enjalot
1846650	jasondavies
1933560	mbostock
2257712	syntagmatic
3025699	mbostock
3048166	mbostock
3048450	mbostock
3333867	enjalot
3371592	mbostock
3739716	enjalot
3740679	enjalot
3740775	enjalot
4063269	mbostock
4063530	mbostock
4102964	enjalot
4103149	enjalot
4103190	enjalot
4103210	enjalot
4126957	enjalot
4126958	enjalot
4323929	mbostock
4341954	mbostock
4573883	mbostock
4679202	mbostock
4737158	enjalot
4737320	enjalot
4748207	enjalot
5050837	mbostock
5152233	timelyportfolio
5173373	timelyportfolio
5200272	timelyportfolio
5381446	timelyportfolio
5455242	timelyportfolio
5503544	mbostock
5537671	mbostock
5562380	mbostock
5732029	mbostock
5968242	gelicia
5971650	enjalot
5977197	mbostock
6064656	timelyportfolio
6064899	timelyportfolio
6077525	enjalot
6077539	enjalot
6077665	enjalot
6084963	jfsiii
6092274	enjalot
6092282	enjalot
6148096	enjalot
6153614	enjalot
6264239	mbostock
6455308	enjalot
6457608	enjalot
6467559	timelyportfolio
6615317	emeeks
7022061	ramnathv
7065278	milroc
7065313	milroc
7156009	timelyportfolio
7156258	timelyportfolio
7904516	biovisualize
8167229	enjalot
8655004	timelyportfolio
9143477	timelyportfolio
9244271	enjalot
9313904	vlandham
9360565	mbostock
9361086	timelyportfolio
9764126	mbostock
9807557	timelyportfolio
10156411	jugglingnutcase
69a97f937b6147e67edd	iros
5a659314e4944ae3633c	iros
2973775	biovisualize
6588330	jfsiii
5620764	mbostock
5620807	mbostock
3664045	mbostock
3682698	mbostock
3711652	mbostock
3736910	jasondavies
3739100	jasondavies
3903425	enjalot
4513760	emeeks
4532173	emeeks
870118	mbostock
2206489	mbostock
2206529	mbostock
2206590	mbostock
2869871	mbostock
3081153	mbostock
3692144	enjalot
3734308	mbostock
3783604	mbostock
4055889	mbostock
4055892	mbostock
4060606	mbostock
4090848	mbostock
4136647	mbostock
4206810	mbostock
4206857	mbostock
4207744	mbostock
4330486	mbostock
4360892	mbostock
4408297	mbostock
4431123	mbostock
4431759	biovisualize
4431801	biovisualize
4657115	mbostock
4693544	enjalot
4699541	mbostock
4700486	enjalot
4707858	mbostock
5021179	enjalot
5021432	enjalot
5180185	mbostock
5386999	herrstucki
5413933	mbostock
5416405	mbostock
5416440	mbostock
5608230	mbostock
5629120	mbostock
5707818	mbostock
7714930	gelicia
7723849	gelicia
7726273	gelicia
8075631	vlandham
8814734	mbostock
8936426	ramnathv
8969477	ramnathv
9386620	tomgp
9392981	tomgp
9497971	gelicia
9651412	tomgp
9714216	mpmckenna8
9744098	mbostock
9744818	mbostock
9748706	mbostock
9788959	mbostock
9867796	mbostock
9876000	mbostock
9885854	mbostock
9978356	mbostock
4463127	mbostock
3797581	mbostock
3757101	mbostock
4364903	mbostock
5044313	mbostock
7762996	jugglingnutcase
3732000	jasondavies
3757110	mbostock
4436875	mbostock
5617379	mbostock
8874545	mpmckenna8
9231621	mbostock
9232962	mbostock
4476279	mbostock
4463049	mbostock
4481220	mbostock
4481265	mbostock
3734313	mbostock
1193117	jasondavies
3754100	syntagmatic
4487695	mbostock
4183330	mbostock
6899928	herrstucki
5625053	mbostock
2870030	mbostock
3021474	mbostock
3061181	mbostock
3132496	biovisualize
3792532	syntagmatic
3801416	jasondavies
4525362	mbostock
4597134	mbostock
4661912	enjalot
5628479	mbostock
8428323	mbostock
9658291	mbostock
3734316	mbostock
3734321	mbostock
4613663	mbostock
5144735	mbostock
5349951	mbostock
5737662	mbostock
7061976	mbostock
8681709	enjalot
8681737	enjalot
9265674	mbostock
5735647	mbostock
5735649	mbostock
5952814	mbostock
3734317	mbostock
4459466	mbostock
4459716	mbostock
4661891	enjalot
4465118	mbostock
3712408	mbostock
3946824	mbostock
4476487	mbostock
4476496	mbostock
5234763	mbostock
3734322	mbostock
3734324	mbostock
3734325	mbostock
3734327	mbostock
3734328	mbostock
3734329	mbostock
3797585	mbostock
3078645	enjalot
3079457	enjalot
3734273	mbostock
3757119	mbostock
3795544	mbostock
5695142	mbostock
5699934	mbostock
5731632	mbostock
5731693	mbostock
5731808	mbostock
5928813	mbostock
6645345	syntagmatic
4731228	mbostock
5288565	mbostock
5288571	mbostock
5288577	mbostock
5288583	mbostock
5288590	mbostock
3719520	syntagmatic
3757349	mbostock
3795048	mbostock
9965876	mpmckenna8
3664049	mbostock
3682676	mbostock
3710082	mbostock
3710148	mbostock
3710566	mbostock
3711950	syntagmatic
3712397	mbostock
3712399	mbostock
3716442	enjalot
3719042	mbostock
3719418	syntagmatic
3724998	jasondavies
3734330	mbostock
3734333	mbostock
3734336	mbostock
3734342	mbostock
3734343	mbostock
3736996	jasondavies
3737384	jasondavies
3739752	jasondavies
3748686	jasondavies
3748865	jasondavies
3757125	mbostock
3757132	mbostock
3757137	mbostock
3763867	mbostock
3764187	jasondavies
3790085	mbostock
3790444	mbostock
3791255	mbostock
3796831	mbostock
3797591	mbostock
3867220	mbostock
3915284	syntagmatic
4091835	jasondavies
4180634	mbostock
4183701	jasondavies
4188015	jasondavies
4188334	jasondavies
4310087	mbostock
4319903	mbostock
4362031	mbostock
4448587	mbostock
4458497	mbostock
4458680	mbostock
4458991	mbostock
4459071	mbostock
4459130	mbostock
4463155	mbostock
4463175	mbostock
4463237	mbostock
4465109	mbostock
4465130	mbostock
4465137	mbostock
4465140	mbostock
4479477	mbostock
4479513	mbostock
4479547	mbostock
4481520	mbostock
4487674	mbostock
4489342	mbostock
4489365	mbostock
4496212	mbostock
4498187	mbostock
4498292	mbostock
4503672	mbostock
4519926	mbostock
4519975	mbostock
4522565	mbostock
4531633	emeeks
4653097	syntagmatic
4655179	syntagmatic
4661850	enjalot
4695821	mbostock
4700685	enjalot
5021511	enjalot
5021875	enjalot
5021977	enjalot
5022029	enjalot
5105295	enjalot
5175164	enjalot
5230202	mbostock
5230564	mbostock
5230571	mbostock
5230580	mbostock
5545680	mbostock
5731578	mbostock
5735623	mbostock
5735626	mbostock
6619561	mbostock
6713736	mbostock
6722361	jasondavies
6738360	mbostock
6746848	mbostock
6747043	mbostock
8015110	mbostock
8894003	mpmckenna8
9234731	mbostock
913077	mbostock
996370	mbostock
1073373	mbostock
1080941	mbostock
1129492	mbostock
1138500	mbostock
1169680	mbostock
1177880	mbostock
1199811	mbostock
1203641	enjalot
1212197	mbostock
1212215	mbostock
1218567	enjalot
1225877	enjalot
1246403	mbostock
1249681	mbostock
1291084	jasondavies
1554783	jasondavies
1625629	christophermanning
1706523	zjonsson
1706849	zjonsson
1747543	mbostock
1748247	mbostock
1804889	mbostock
1804919	mbostock
1893974	mbostock
2048144	syntagmatic
2125175	vlandham
2869760	mbostock
2869946	mbostock
2932721	mbostock
2957559	zjonsson
2974930	mbostock
3031319	mbostock
3055104	mbostock
3057239	mbostock
3058685	mbostock
3076312	jasondavies
3076420	jasondavies
3076432	jasondavies
3126887	enjalot
3126967	enjalot
3127000	enjalot
3127012	enjalot
3127086	enjalot
3127089	enjalot
3127105	enjalot
3127125	enjalot
3127156	enjalot
3127174	enjalot
3127207	enjalot
3127211	enjalot
3231298	mbostock
3231307	mbostock
3260971	enjalot
3292856	enjalot
3306362	mbostock
3337030	enjalot
3507169	enjalot
3692677	enjalot
3713147	syntagmatic
3714670	enjalot
3714774	enjalot
3717149	enjalot
3722458	enjalot
3734168	mbostock
3739948	enjalot
3754357	syntagmatic
3762317	enjalot
3763057	mbostock
3766821	jasondavies
3789441	enjalot
3795040	mbostock
3846051	mbostock
3854614	mbostock
3879898	vlandham
3909585	enjalot
3962108	mbostock
4055908	mbostock
4060366	mbostock
4090870	mbostock
4108203	mbostock
4122298	mbostock
4134057	mbostock
4150951	mbostock
4206573	mbostock
4206975	mbostock
4237768	mbostock
4241134	mbostock
4248988	christophermanning
4282586	mbostock
4327678	herrstucki
4329423	mbostock
4341156	mbostock
4341699	mbostock
4342045	mbostock
4343214	mbostock
4450188	christophermanning
4636377	mbostock
4661803	enjalot
4669854	enjalot
4689379	enjalot
4700478	enjalot
4712128	mbostock
5068952	zjonsson
5126418	mbostock
5249328	mbostock
5339779	mpmckenna8
5437891	jeremybuis
5475145	enjalot
5493432	enjalot
5529395	zjonsson
5530308	enjalot
5530427	enjalot
5530496	enjalot
5530544	enjalot
5530557	enjalot
5530602	enjalot
5538328	enjalot
5557726	mbostock
5605683	enjalot
5616813	mbostock
5624141	NelsonMinar
5650334	gelicia
5663666	mbostock
5788481	NelsonMinar
5798874	mbostock
5851197	NelsonMinar
5912673	mbostock
5925375	mbostock
5996232	mbostock
6025562	gelicia
6035008	gelicia
6116436	mbostock
6224050	mbostock
6224396	mbostock
6225662	mbostock
6245977	mbostock
6320825	mbostock
6406992	mbostock
6408735	mbostock
6408918	mbostock
6409668	mbostock
6409844	mbostock
6432815	syntagmatic
6473246	enjalot
6675193	mbostock
6804753	mbostock
6905926	mbostock
6909318	mbostock
7280327	mbostock
7774986	timelyportfolio
7782500	mbostock
7881887	mbostock
7882658	mbostock
8027835	mbostock
8423351	mbostock
8460692	mbostock
8679336	enjalot
8969262	mpmckenna8
9023159	mbostock
9078690	mbostock
9116395	mpmckenna8
9204795	herrstucki
9238916	herrstucki
9265467	mbostock
9395593	mpmckenna8
9764521	mbostock
9841757	emeeks
9862616	mpmckenna8
9927735	mbostock
9930434	jasondavies
9940470	iros
9940547	iros
9943478	mbostock
10014250	emeeks
10024231	mbostock
4616231	sxv
3828981	mbostock
4248145	mbostock
4248146	mbostock
5574274	biovisualize
5574625	enjalot
7833311	mbostock
8812632	ramnathv
8871035	timelyportfolio
2066415	mbostock
2066421	mbostock
1483226	mbostock
3227939	timelyportfolio
5980383	timelyportfolio
6106779	timelyportfolio
675512	mbostock
1096355	mbostock
1345853	mbostock
4165404	mbostock
4384950	christophermanning
4401901	christophermanning
5470760	enjalot
1503463	enjalot
1016220	mbostock
1098617	mbostock
1125997	mbostock
1285603	biovisualize
1306365	mbostock
1346410	mbostock
1356894	enjalot
1432371	enjalot
1457934	enjalot
1649463	mbostock
1771630	mbostock
2165875	enjalot
2958148	enjalot
2958485	enjalot
2958568	enjalot
2958632	enjalot
2958633	enjalot
2958638	enjalot
2958639	enjalot
2983699	mbostock
3107064	enjalot
3109599	enjalot
3109638	enjalot
3109654	enjalot
3109671	enjalot
3109682	enjalot
3109696	enjalot
3109698	enjalot
3109710	enjalot
3109715	enjalot
3109723	enjalot
3109733	enjalot
3109755	enjalot
3109759	enjalot
3109773	enjalot
3109780	enjalot
3109820	enjalot
3109822	enjalot
3109825	enjalot
3109831	enjalot
3109837	enjalot
3109847	enjalot
3109852	enjalot
3109896	enjalot
3114122	enjalot
3114129	enjalot
3114135	enjalot
3114143	enjalot
3114830	enjalot
3114950	enjalot
3114979	enjalot
3114996	enjalot
3115024	enjalot
3115028	enjalot
3115032	enjalot
3115036	enjalot
3115060	enjalot
3115061	enjalot
3115066	enjalot
3115068	enjalot
3115071	enjalot
3115079	enjalot
3115094	enjalot
3115099	enjalot
3115105	enjalot
3115117	enjalot
3115562	enjalot
3118365	enjalot
3118366	enjalot
3134567	enjalot
3134569	enjalot
3134905	enjalot
3134912	enjalot
3134915	enjalot
3157560	enjalot
3157602	enjalot
3157617	enjalot
3157625	enjalot
3157632	enjalot
3157645	enjalot
3157651	enjalot
3157670	enjalot
3157689	enjalot
3157694	enjalot
3157704	enjalot
3157754	enjalot
3157756	enjalot
3157763	enjalot
3158052	enjalot
3158944	enjalot
3158955	enjalot
3158960	enjalot
3171055	jasondavies
3180388	enjalot
3180473	enjalot
3180482	enjalot
3190979	enjalot
3191011	enjalot
3191013	enjalot
3191030	enjalot
3191074	enjalot
3191102	enjalot
3196064	enjalot
3196074	enjalot
3196077	enjalot
3196115	enjalot
3196132	enjalot
3196144	enjalot
3196166	enjalot
3196172	enjalot
3196178	enjalot
3196180	enjalot
3196182	enjalot
3196183	enjalot
3196187	enjalot
3196192	enjalot
3196195	enjalot
3196199	enjalot
3196200	enjalot
3196206	enjalot
3196213	enjalot
3196220	enjalot
3196228	enjalot
3196237	enjalot
3196245	enjalot
3196246	enjalot
3196255	enjalot
3196259	enjalot
3196262	enjalot
3196264	enjalot
3196277	enjalot
3196279	enjalot
3196297	enjalot
3196302	enjalot
3196304	enjalot
3196313	enjalot
3196315	enjalot
3200061	enjalot
3271744	enjalot
3271763	enjalot
3271816	enjalot
3289530	mbostock
3290752	mbostock
3292837	enjalot
3292838	enjalot
3292841	enjalot
3305854	mbostock
3337035	enjalot
3337101	enjalot
3337126	enjalot
3341641	syntagmatic
3343492	enjalot
3343586	enjalot
3375868	enjalot
3375878	enjalot
3614406	enjalot
3615368	enjalot
3615389	enjalot
3615614	syntagmatic
3650755	enjalot
3692257	enjalot
3692440	enjalot
3692682	enjalot
3693489	enjalot
3693535	enjalot
3693540	enjalot
3693568	enjalot
3693574	enjalot
3693581	enjalot
3693586	enjalot
3698393	enjalot
3804943	enjalot
3804991	enjalot
3805010	enjalot
3805578	enjalot
3862518	enjalot
3876634	enjalot
3897791	enjalot
3901618	enjalot
3916621	mbostock
3984401	enjalot
4063423	mbostock
4082681	NelsonMinar
4101682	enjalot
4103212	enjalot
4103230	enjalot
4163057	mbostock
4171286	enjalot
4221043	enjalot
4281513	mbostock
4341417	mbostock
4348373	mbostock
4429641	enjalot
4429648	enjalot
4450106	enjalot
4450112	enjalot
4523810	enjalot
4584638	enjalot
4669132	enjalot
4689087	enjalot
4736151	enjalot
4747891	enjalot
4998357	enjalot
5061925	enjalot
5100636	mbostock
5174963	enjalot
5348789	mbostock
5385402	mbostock
5397710	mbostock
5448776	ramnathv
5484778	timelyportfolio
5649592	mbostock
5681842	mbostock
5682158	mbostock
5746180	timelyportfolio
5790309	enjalot
5799677	enjalot
5819559	gelicia
5835837	enjalot
5939835	gelicia
6059532	mbostock
6076955	enjalot
6076979	enjalot
6077331	enjalot
6081914	mbostock
6094380	enjalot
6096287	enjalot
6243985	gelicia
6384402	gelicia
6389274	gelicia
6418413	enjalot
6418604	enjalot
6480276	enjalot
6499445	enjalot
6505977	enjalot
6566673	enjalot
6605026	enjalot
6605284	enjalot
6632828	enjalot
6684778	gelicia
6690695	gelicia
6707845	gelicia
6708323	enjalot
6708338	enjalot
6708450	gelicia
6909550	mbostock
6955303	enjalot
6955433	enjalot
6955548	enjalot
7159359	enjalot
7159762	enjalot
7159784	enjalot
7159797	enjalot
7367177	mbostock
7480189	enjalot
8564373	milroc
9061986	hobbes7878
9218980	wiinci
9613969	enjalot
9613979	enjalot
9614001	enjalot
9614102	enjalot
9614207	enjalot
9695568	timelyportfolio
9992882	danharr
865396	mbostock
908382	mbostock
939927	mbostock
950642	mbostock
972398	mbostock
1044242	mbostock
1093025	mbostock
1117287	mbostock
1283663	mbostock
1299353	jasondavies
1579132	mbostock
1808856	jasondavies
1846692	mbostock
2226368	syntagmatic
2429963	mbostock
2432083	emeeks
2465185	emeeks
2556042	syntagmatic
2941604	mbostock
2966094	mbostock
3007024	timelyportfolio
3037015	mbostock
3074470	mbostock
3087431	zjonsson
3087986	mbostock
3180395	mbostock
3355967	mbostock
3395115	enjalot
3517374	mbostock
3750558	mbostock
4062045	mbostock
4063550	mbostock
4063570	mbostock
4063582	mbostock
4134037	mbostock
4316196	biovisualize
4339083	mbostock
4339184	mbostock
4339607	mbostock
4341134	mbostock
4343153	mbostock
4347473	mbostock
4349187	mbostock
4527513	christophermanning
4545400	enjalot
4549657	enjalot
4561743	enjalot
4561783	enjalot
4561926	enjalot
4569273	enjalot
4569668	enjalot
4592000	enjalot
4592142	enjalot
4592263	enjalot
4600693	mbostock
4646056	enjalot
4678266	enjalot
4963194	syntagmatic
5026033	syntagmatic
5050858	enjalot
5051078	vlandham
5088240	enjalot
5125315	biovisualize
5175210	enjalot
5175430	enjalot
5279252	enjalot
5423680	mbostock
5761976	enjalot
5841623	ramnathv
5860371	gelicia
5915027	jfsiii
5993031	biovisualize
6094415	enjalot
6418898	syntagmatic
6504528	syntagmatic
6645441	mbostock
6722486	enjalot
6762703	gelicia
6898561	biovisualize
6944484	syntagmatic
7380178	emeeks
7607999	mbostock
7766353	tomgp
7809166	mbostock
8087106	gelicia
8551991	milroc
8818194	ramnathv
9456786	enjalot
9457496	enjalot
9469553	enjalot
9980626	emeeks
9992169	jugglingnutcase
1341679	mbostock
3739895	enjalot
5862751	timelyportfolio
5873694	timelyportfolio
5985763	timelyportfolio
5985812	timelyportfolio
6024576	timelyportfolio
6024598	timelyportfolio
6031928	timelyportfolio
6443637	timelyportfolio
6443665	timelyportfolio
6459298	timelyportfolio
6470283	timelyportfolio
6510238	timelyportfolio
6530929	timelyportfolio
6585060	timelyportfolio
6773415	timelyportfolio
8545533	timelyportfolio
8654992	timelyportfolio
8869518	timelyportfolio
8869959	timelyportfolio
9211644	timelyportfolio
9652523	timelyportfolio
5437184	biovisualize
929623	mbostock
1021953	mbostock
1062383	mbostock
1095795	mbostock
1153292	mbostock
1667139	mbostock
1703449	christophermanning
2706022	mbostock
2720730	zjonsson
2846454	mbostock
3134318	enjalot
3134327	enjalot
3134341	enjalot
3134374	enjalot
3134377	enjalot
3134378	enjalot
3134415	enjalot
3261028	enjalot
3311124	mbostock
3898058	enjalot
3991039	syntagmatic
4217715	timelyportfolio
5087480	vlandham
5183584	vlandham
5681495	enjalot
5801758	biovisualize
5851873	biovisualize
6419716	syntagmatic
7694722	danharr
7914714	emeeks
3615983	enjalot
3714311	enjalot
3898087	enjalot
5086216	timelyportfolio
6631652	enjalot
999346	mbostock
1276555	enjalot
1305111	mbostock
1320232	enjalot
1346395	mbostock
1627378	mbostock
2054229	syntagmatic
3063069	milroc
3253523	enjalot
3253608	enjalot
3253677	enjalot
3315291	mbostock
3315318	mbostock
3388603	enjalot
3698409	enjalot
3758929	enjalot
3943967	mbostock
4060954	mbostock
4075296	enjalot
4076122	syntagmatic
4092944	syntagmatic
4211048	enjalot
4945496	gelicia
4966973	gelicia
5095509	gelicia
5147500	gelicia
5369146	mbostock
5410501	enjalot
5681974	mbostock
5684816	herrstucki
5736996	enjalot
5754227	gelicia
5798871	biovisualize
5808514	enjalot
5826708	enjalot
6604854	enjalot
6612462	enjalot
6929969	ckuijjer
8250493	gelicia
10000634	finiterank
3689677	jasondavies
2300078	jasondavies
1208422	biovisualize
1286477	biovisualize
1363743	biovisualize
1425402	enjalot
1429426	enjalot
1584697	mbostock
2156737	enjalot
2297636	biovisualize
3096380	biovisualize
3106445	timelyportfolio
3145541	timelyportfolio
3165657	timelyportfolio
3177376	timelyportfolio
3182035	timelyportfolio
3190664	timelyportfolio
3292962	enjalot
3301379	enjalot
3301731	enjalot
3301744	enjalot
3301849	enjalot
3301900	enjalot
3301985	enjalot
3310560	mbostock
3334235	enjalot
3334559	enjalot
3361102	enjalot
3361888	enjalot
3362049	enjalot
3362118	enjalot
3372937	enjalot
3372942	enjalot
3373085	enjalot
3373198	enjalot
3373201	enjalot
3373246	enjalot
3373339	enjalot
3373402	enjalot
3507033	enjalot
3692165	enjalot
3692212	enjalot
3716089	enjalot
3716793	enjalot
3716816	enjalot
3716875	enjalot
3717372	enjalot
3717381	enjalot
3717453	enjalot
3805655	enjalot
3805781	enjalot
3805905	enjalot
3805973	enjalot
3883018	enjalot
3885304	mbostock
3954174	enjalot
3967470	enjalot
3967506	enjalot
3967691	enjalot
3967743	enjalot
3967806	enjalot
3969929	enjalot
3969972	enjalot
4082130	enjalot
4084162	enjalot
4091561	enjalot
4101924	enjalot
4122558	enjalot
4122858	enjalot
4254604	milroc
4404232	gelicia
4756902	gelicia
4759178	gelicia
5022075	enjalot
5120980	enjalot
5207983	enjalot
5250908	enjalot
5278724	enjalot
5289655	enjalot
5289746	enjalot
5289981	enjalot
5290171	enjalot
5290270	enjalot
5328450	gelicia
5407807	timelyportfolio
5410004	timelyportfolio
5411013	enjalot
5422997	timelyportfolio
5465166	enjalot
5465277	enjalot
5470637	enjalot
5860140	gelicia
5934712	gelicia
6097249	gelicia
6098689	gelicia
6099038	biovisualize
6099156	gelicia
6099312	gelicia
6199528	enjalot
6559330	enjalot
6566151	enjalot
6566303	enjalot
6566369	enjalot
6566540	enjalot
6576221	gelicia
6604917	enjalot
6604999	enjalot
6639310	enjalot
6639915	enjalot
6678864	biovisualize
6950800	gelicia
6950817	gelicia
6951394	gelicia
6955078	enjalot
7014412	milroc
7322386	mbostock
7328809	mbostock
7331275	mbostock
7341714	mbostock
7440840	mbostock
7441121	mbostock
7452541	mbostock
7555321	mbostock
8928885	mpmckenna8
9079827	mpmckenna8
9203884	mpmckenna8
9490313	mbostock
9490516	mbostock
9709744	ramnathv
5369188	biovisualize
705856	mbostock
938288	mbostock
1109813	jasondavies
3543186	syntagmatic
3562176	syntagmatic
4460600	christophermanning
5050136	biovisualize
5120615	enjalot
5602911	gelicia
7259540	ramnathv
7352222	ramnathv
7356440	ramnathv
7750500	ramnathv
7930398	ramnathv
8084330	ramnathv
8118442	ramnathv
8285907	ramnathv
8291244	ramnathv
8305586	timelyportfolio
8307922	timelyportfolio
8576282	ramnathv
8576370	ramnathv
8588517	ramnathv
8589141	ramnathv
8825574	ramnathv
9007831	ramnathv
9656364	timelyportfolio
9842325	ramnathv
9842343	ramnathv
9859442	ramnathv
714554	mbostock
1123639	mbostock
2975255	milroc
3126367	enjalot
3126462	enjalot
3126486	enjalot
3126569	enjalot
3126585	enjalot
3126628	enjalot
3126666	enjalot
3126680	enjalot
3126701	enjalot
3126726	enjalot
3126761	enjalot
3126800	enjalot
3669838	enjalot
3692652	enjalot
3692666	enjalot
3779865	enjalot
3805628	enjalot
3898116	enjalot
3978423	enjalot
3978596	enjalot
5047619	syntagmatic
5247027	mbostock
5754673	enjalot
6492074	syntagmatic
8027637	mbostock
8743890	vlandham
9716298	magrawala
1073561	jasondavies
1300420	zjonsson
1300571	jasondavies
3440168	enjalot
4211863	bollwyvl
5301873	ramnathv
5302430	ramnathv
5452685	timelyportfolio
5454895	timelyportfolio
5455317	timelyportfolio
5455318	ramnathv
5455323	ramnathv
5457195	ramnathv
5624512	ramnathv
5779376	timelyportfolio
5863550	ramnathv
5867814	ramnathv
5948336	ramnathv
5966990	ramnathv
6024942	ramnathv
6029350	ramnathv
6072003	ramnathv
6168191	gelicia
6456824	timelyportfolio
6464503	timelyportfolio
6541019	ramnathv
6644957	ramnathv
6754287	ramnathv
6765472	ramnathv
6765512	ramnathv
6766711	ramnathv
6886158	ramnathv
7022568	ramnathv
7045226	gelicia
7045603	gelicia
7045619	gelicia
7156866	ramnathv
8549746	gelicia
8949962	ramnathv
8949974	ramnathv
1291667	zjonsson
1291672	zjonsson
1340727	mbostock
1642874	mbostock
1642989	mbostock
1643051	mbostock
3056952	milroc
6135698	enjalot
7606141	mbostock
846688	mbostock
846704	mbostock
846710	mbostock
847677	mbostock
849853	mbostock
882152	mbostock
1009139	mbostock
1136236	mbostock
1243323	mbostock
1317455	zjonsson
1322907	mbostock
1322948	mbostock
1343062	zjonsson
1345648	enjalot
1371412	mbostock
1386444	mbostock
1543851	jasondavies
1569370	enjalot
1582075	mbostock
1616423	mbostock
1957481	jasondavies
2257860	enjalot
2647922	mbostock
2647924	mbostock
2958519	enjalot
2958520	enjalot
2958628	enjalot
2958630	enjalot
2958635	enjalot
2958637	enjalot
2962954	enjalot
3021475	enjalot
3027072	enjalot
3027084	enjalot
3027090	enjalot
3035090	mbostock
3068960	enjalot
3069022	enjalot
3069256	enjalot
3105636	enjalot
3105645	enjalot
3105704	enjalot
3105728	enjalot
3105745	enjalot
3105862	enjalot
3106064	enjalot
3106115	enjalot
3108900	enjalot
3108990	enjalot
3108993	enjalot
3108994	enjalot
3109053	enjalot
3109065	enjalot
3109102	enjalot
3109113	enjalot
3109133	enjalot
3109136	enjalot
3109210	enjalot
3114002	enjalot
3114006	enjalot
3114026	enjalot
3114077	enjalot
3114111	syntagmatic
3115349	syntagmatic
3115387	syntagmatic
3115453	syntagmatic
3115749	syntagmatic
3115771	syntagmatic
3115887	syntagmatic
3115979	syntagmatic
3118349	enjalot
3118354	enjalot
3118372	enjalot
3119216	syntagmatic
3119327	syntagmatic
3125633	syntagmatic
3125811	syntagmatic
3125861	enjalot
3125866	enjalot
3126352	enjalot
3126361	enjalot
3126863	syntagmatic
3127180	syntagmatic
3127214	syntagmatic
3185954	enjalot
3252325	enjalot
3259253	enjalot
3260705	enjalot
3260754	enjalot
3260827	enjalot
3260830	enjalot
3260849	enjalot
3260853	enjalot
3260883	enjalot
3260901	enjalot
3305515	mbostock
3310323	mbostock
3314773	zjonsson
3526579	zjonsson
3535835	zjonsson
3651456	enjalot
3692240	enjalot
3692573	enjalot
3706153	enjalot
3707028	vlandham
3753383	enjalot
3791303	enjalot
3874046	enjalot
3874114	enjalot
3874118	enjalot
3877667	enjalot
3877736	enjalot
3877744	enjalot
3877907	enjalot
3970856	enjalot
3970860	enjalot
3971532	enjalot
4126975	enjalot
4127197	enjalot
4138216	enjalot
4163449	enjalot
4207245	enjalot
4235210	enjalot
4235227	enjalot
4235283	enjalot
4240969	enjalot
4254963	mbostock
4324236	christophermanning
4409163	enjalot
4429465	enjalot
4429522	enjalot
4429924	enjalot
4483672	biovisualize
4487207	enjalot
4489362	enjalot
4515314	jfsiii
4533024	jfsiii
4583749	mbostock
4653576	enjalot
4653581	enjalot
4716777	biovisualize
4716899	enjalot
4948959	enjalot
4950874	syntagmatic
4958599	biovisualize
4958613	biovisualize
4964114	enjalot
4964314	enjalot
4964495	enjalot
4964674	enjalot
4965670	mbostock
4998346	enjalot
5069735	enjalot
5069746	enjalot
5107530	syntagmatic
5110744	enjalot
5110960	enjalot
5130962	enjalot
5138844	enjalot
5176743	bollwyvl
5179167	syntagmatic
5210686	enjalot
5211089	enjalot
5211123	enjalot
5279340	enjalot
5279342	enjalot
5312963	enjalot
5342452	enjalot
5342602	enjalot
5342642	enjalot
5342691	enjalot
5342730	enjalot
5342737	enjalot
5400576	biovisualize
5410503	enjalot
5410521	enjalot
5493614	biovisualize
5496517	biovisualize
5506058	enjalot
5506324	enjalot
5506427	enjalot
5542460	enjalot
5543476	enjalot
5564496	gelicia
5579749	gelicia
5595061	gelicia
5615900	gelicia
5711924	enjalot
5744730	enjalot
5747272	enjalot
5754621	enjalot
5754776	enjalot
5754789	enjalot
5784327	enjalot
5784335	enjalot
5784434	enjalot
5790165	enjalot
5833036	jfsiii
5833357	enjalot
5862688	enjalot
5862691	enjalot
5870516	enjalot
5892755	enjalot
5893333	enjalot
5893390	enjalot
5893516	enjalot
5893529	gelicia
5893602	enjalot
5942016	enjalot
5964714	biovisualize
6051794	enjalot
6051808	enjalot
6051825	enjalot
6051919	enjalot
6051923	enjalot
6051931	enjalot
6051938	enjalot
6052049	enjalot
6077096	enjalot
6094455	enjalot
6095915	enjalot
6096180	enjalot
6098606	biovisualize
6148830	gelicia
6149065	enjalot
6198816	enjalot
6199075	enjalot
6199373	enjalot
6199398	enjalot
6199401	enjalot
6199408	enjalot
6199415	enjalot
6199445	enjalot
6258205	enjalot
6258217	enjalot
6365963	gelicia
6473285	enjalot
6473587	enjalot
6473599	enjalot
6475678	tomgp
6505051	enjalot
6722845	enjalot
6723094	enjalot
6723241	enjalot
6724171	enjalot
6724331	enjalot
6862767	enjalot
6862777	enjalot
6862818	enjalot
6862954	enjalot
7621155	mbostock
7994492	enjalot
7995925	enjalot
7996048	enjalot
7998268	gelicia
8026810	biovisualize
8034380	gelicia
8034759	gelicia
9215262	mpmckenna8
9340367	enjalot
9613936	enjalot
9680678	enjalot
9742980	mbostock
2958199	enjalot
3387570	enjalot
5321812	enjalot
9614088	enjalot
3332758	enjalot
3336354	enjalot
3336487	enjalot
3336617	enjalot
3336685	enjalot
3336818	enjalot
3336835	enjalot
3336855	enjalot
3336859	enjalot
3336863	enjalot
3336872	enjalot
3428439	enjalot
3468043	enjalot
3692282	enjalot
3692323	enjalot
3707026	vlandham
3862638	enjalot
3882968	enjalot
4028660	enjalot
4028696	enjalot
4028702	enjalot
4429579	enjalot
4646124	enjalot
4703710	enjalot
4704693	enjalot
4720756	enjalot
4733659	enjalot
5638004	enjalot
5835010	enjalot
5893561	enjalot
5893584	enjalot
5893610	enjalot
5963569	iros
5963570	iros
6432958	enjalot
6473425	enjalot
6651925	enjalot
9680733	enjalot
9831933	danharr
2996766	mbostock
2996785	mbostock
3019563	mbostock
1020902	mbostock
1071269	mbostock
1256534	zjonsson
1256611	enjalot
1306618	zjonsson
1310714	enjalot
1399097	mbostock
1596053	zjonsson
2952539	enjalot
3212294	mbostock
3259783	mbostock
3310187	mbostock
3310233	mbostock
3487458	jasondavies
3882999	enjalot
3900925	mbostock
3950440	enjalot
3998749	enjalot
4082949	enjalot
4349486	mbostock
4687917	enjalot
5022696	emeeks
5124792	gelicia
5479601	timelyportfolio
5479605	timelyportfolio
5520915	gelicia
5526452	gelicia
5537697	mbostock
5628329	mbostock
5638523	iros
5659198	iros
5743979	mbostock
5833476	enjalot
5833566	enjalot
6138315	enjalot
6138369	enjalot
6181384	enjalot
6637724	enjalot
6640071	gelicia
6738109	mbostock
6738229	mbostock
7047163	enjalot
7047509	enjalot
7113017	enjalot
7113759	enjalot
7123619	enjalot
7502758	gelicia
7505030	gelicia
8394038	gelicia
9166197	mpmckenna8
9205238	herrstucki
9205257	herrstucki
9205264	herrstucki
9212008	tomgp
9353922	milroc
9830904	danharr
9832320	danharr
9834127	danharr
9837048	danharr
9837364	danharr
9840362	danharr
9921862	danharr
9938594	danharr
9962548	iros
1f82c6c6cd12733e0599	iros
e82f3baf1f4852f859cd	iros
5d9972b6532b60a87f13	iros
fc8c5d282ef730f9ab22	iros
906688	NelsonMinar
908051	mbostock
1016860	biovisualize
1067616	mbostock
1067636	mbostock
1086421	mbostock
1160929	mbostock
1163873	biovisualize
1175688	mbostock
1195063	biovisualize
1209499	biovisualize
1219585	mbostock
1223510	biovisualize
1226718	biovisualize
1258361	biovisualize
1263239	zjonsson
1263606	biovisualize
1266259	biovisualize
1277343	biovisualize
1287701	zjonsson
1288537	zjonsson
1288635	zjonsson
1300016	mbostock
1313857	mbostock
1342359	mbostock
1353700	mbostock
1364304	mbostock
1379934	enjalot
1379988	enjalot
1424037	mbostock
1440766	mbostock
1440821	NelsonMinar
1468715	mbostock
1473597	enjalot
1541816	mbostock
1696372	mbostock
1705868	mbostock
1829187	enjalot
1849162	mbostock
2231537	enjalot
2294676	enjalot
2565344	mbostock
2771685	iros
2839676	mbostock
2957199	enjalot
2958196	enjalot
3063137	milroc
3085882	biovisualize
3109250	enjalot
3109293	enjalot
3109297	enjalot
3109317	enjalot
3109349	enjalot
3151228	mbostock
3151318	mbostock
3154651	enjalot
3154655	enjalot
3154686	enjalot
3154693	enjalot
3154760	enjalot
3154763	enjalot
3154767	enjalot
3154795	enjalot
3154834	enjalot
3154844	enjalot
3154902	enjalot
3154913	enjalot
3155013	enjalot
3155023	enjalot
3155036	enjalot
3155041	enjalot
3155049	enjalot
3155053	enjalot
3155067	enjalot
3156807	enjalot
3156839	enjalot
3158964	enjalot
3173784	mbostock
3177343	enjalot
3178065	enjalot
3193901	enjalot
3195994	enjalot
3196034	enjalot
3196337	enjalot
3200444	enjalot
3201606	mbostock
3231808	jasondavies
3291958	enjalot
3291994	enjalot
3292088	enjalot
3292450	enjalot
3292526	enjalot
3292677	enjalot
3292704	enjalot
3292707	enjalot
3292708	enjalot
3292728	enjalot
3292775	enjalot
3292777	enjalot
3292815	enjalot
3292876	enjalot
3306147	mbostock
3309044	syntagmatic
3336396	enjalot
3375629	enjalot
3375632	enjalot
3375635	enjalot
3375638	enjalot
3375640	enjalot
3375924	enjalot
3375949	enjalot
3417720	enjalot
3422480	mbostock
3468167	mbostock
3651352	enjalot
3651651	enjalot
3692301	enjalot
3692636	enjalot
3716378	enjalot
3716670	enjalot
3747523	enjalot
3758369	enjalot
3805665	enjalot
3805672	enjalot
3806000	enjalot
3808218	mbostock
3808221	mbostock
3808234	mbostock
3809302	christophermanning
3829636	enjalot
3862010	enjalot
3862310	enjalot
3867442	enjalot
3867452	enjalot
3883064	enjalot
3891155	enjalot
3891160	enjalot
3897727	enjalot
3903358	enjalot
3919854	enjalot
3932840	enjalot
3947361	enjalot
3955491	enjalot
3969431	enjalot
3971578	enjalot
3971647	enjalot
3971649	enjalot
3971662	enjalot
3971670	enjalot
3971673	enjalot
3971677	enjalot
3981823	enjalot
3982424	enjalot
3984348	enjalot
4003293	enjalot
4003706	enjalot
4004046	enjalot
4021615	enjalot
4054160	enjalot
4080310	biovisualize
4100379	enjalot
4100860	enjalot
4101113	enjalot
4102137	enjalot
4102201	enjalot
4149176	mbostock
4155763	enjalot
4158550	enjalot
4228586	enjalot
4229462	enjalot
4229477	enjalot
4229496	enjalot
4229500	enjalot
4241201	enjalot
4242097	enjalot
4242928	enjalot
4252255	biovisualize
4255827	christophermanning
4262775	enjalot
4263115	enjalot
4268238	biovisualize
4355398	enjalot
4365115	enjalot
4370049	gelicia
4402032	gelicia
4403522	mbostock
4422612	christophermanning
4437005	enjalot
4470768	enjalot
4487662	jfsiii
4490647	christophermanning
4506092	biovisualize
4506321	enjalot
4514044	vlandham
4545294	enjalot
4572769	biovisualize
4582399	enjalot
4583884	enjalot
4595833	biovisualize
4597116	enjalot
4598551	enjalot
4616764	enjalot
4617096	enjalot
4617513	enjalot
4618725	enjalot
4627699	enjalot
4652017	enjalot
4653053	enjalot
4700565	enjalot
4700574	enjalot
4716886	enjalot
4720078	enjalot
4720257	enjalot
4720316	enjalot
4736524	enjalot
4942307	enjalot
4949552	enjalot
4964540	enjalot
4979406	enjalot
5001178	enjalot
5001421	enjalot
5052807	biovisualize
5070320	syntagmatic
5080622	syntagmatic
5113469	syntagmatic
5222716	gelicia
5250708	enjalot
5279441	enjalot
5289615	enjalot
5296704	enjalot
5320723	biovisualize
5403383	herrstucki
5408289	ramnathv
5431703	enjalot
5432206	enjalot
5432284	enjalot
5464842	enjalot
5475080	enjalot
5478507	enjalot
5496379	gelicia
5503546	gelicia
5506357	enjalot
5507738	enjalot
5508383	gelicia
5508561	gelicia
5509719	gelicia
5515009	enjalot
5521497	gelicia
5561688	enjalot
5562642	enjalot
5562666	enjalot
5564930	enjalot
5565314	enjalot
5565402	enjalot
5596114	gelicia
5597237	enjalot
5658788	gelicia
5744054	enjalot
5751081	gelicia
5768775	biovisualize
5779682	mbostock
5779690	mbostock
5790225	enjalot
5790492	enjalot
5791323	enjalot
5818025	timelyportfolio
5818931	enjalot
5842519	enjalot
5853859	enjalot
5856218	enjalot
5864355	enjalot
5893132	enjalot
5893159	enjalot
5893228	enjalot
5893276	enjalot
5893317	enjalot
5893325	enjalot
5910648	biovisualize
5936377	gelicia
5939921	gelicia
5977376	gelicia
6094272	enjalot
6097129	gelicia
6124647	enjalot
6145095	gelicia
6148644	enjalot
6186172	mbostock
6196729	gelicia
6258175	enjalot
6323225	enjalot
6337830	biovisualize
6338549	enjalot
6338550	enjalot
6347614	enjalot
6360876	gelicia
6372039	gelicia
6418309	christophermanning
6432839	enjalot
6433103	enjalot
6455098	enjalot
6473187	enjalot
6478931	enjalot
6479766	enjalot
6479923	enjalot
6488310	enjalot
6488355	enjalot
6501816	enjalot
6542438	enjalot
6567392	gelicia
6633418	enjalot
6639043	gelicia
6640550	enjalot
6641459	enjalot
6652002	enjalot
6689860	enjalot
6690275	gelicia
6694952	enjalot
6695559	enjalot
6911198	enjalot
6954884	enjalot
6992175	biovisualize
7112916	enjalot
7150451	enjalot
7222593	ramnathv
7275380	enjalot
7275400	enjalot
7275401	enjalot
7275403	enjalot
7345180	enjalot
7347540	enjalot
8034293	gelicia
8200021	ramnathv
8248837	sebg
8250421	gelicia
8636756	christophermanning
8806346	biovisualize
9126893	milroc
9340504	enjalot
9644751	mbostock
9654938	gelicia
9837990	jugglingnutcase
9840148	danharr
9843633	mbostock
9864084	danharr
9871867	danharr
9908143	emeeks
57070906a4ea189fe7a6	iros
9648068	gelicia
3907287	enjalot
5827353	mbostock
5430237	biovisualize
6142903	enjalot
6142921	enjalot
6986121	timelyportfolio
1014829	mbostock
1238376	biovisualize
